i1;i2;i3;i4;i5;i6;i7;i8;i9;only l3 correct;only l+3 correct;both correct;only l+3 correct (1);only l+3 correct (2);only l+3 correct (3);only l+3 correct (4)
2;3;5;6;8;8;9;9;9;468;180;252;12;72;38;58
3;9;9;9;9;9;9;9;9;8640;8640;82080;0;7200;1440;0
6;7;7;7;7;8;9;9;9;11040;10464;11136;0;5856;792;3816
3;4;6;7;9;9;9;9;9;3344;2048;5728;24;972;248;804
8;8;9;9;9;9;9;9;9;10080;10080;262080;0;0;8640;1440
5;5;6;7;7;8;8;9;9;2952;2088;1800;72;792;36;1188
2;4;5;5;6;7;8;9;9;80;8;28;2;4;0;2
2;3;4;6;7;8;8;9;9;159;33;39;4;12;0;17
2;5;5;7;7;9;9;9;9;1040;608;1336;64;344;24;176
3;5;5;6;8;8;8;9;9;1066;742;554;130;120;14;478
5;6;6;6;8;9;9;9;9;6120;4824;10728;0;2268;384;2172
6;6;6;6;6;9;9;9;9;3600;1440;5040;0;720;0;720
6;6;6;6;7;9;9;9;9;5760;4032;8928;0;2016;144;1872
3;5;6;7;9;9;9;9;9;4232;3152;8512;68;1476;456;1152
3;6;8;8;8;8;8;9;9;6024;5772;2868;696;396;54;4626
3;3;4;6;6;8;8;9;9;166;22;50;10;4;0;8
3;4;5;5;7;8;9;9;9;479;191;385;16;64;55;56
6;8;8;8;9;9;9;9;9;18000;18000;111600;0;2736;9072;6192
5;5;5;7;8;9;9;9;9;4680;3384;8280;0;1548;336;1500
3;4;4;5;9;9;9;9;9;768;192;672;0;96;0;96
4;4;5;6;6;9;9;9;9;744;312;984;24;144;12;132
6;6;7;8;8;8;8;9;9;11760;11472;5808;624;1344;108;9396
7;7;7;7;8;8;8;9;9;12960;12960;6480;0;2880;0;10080
2;5;5;6;6;8;8;9;9;208;64;152;24;16;0;24
4;5;5;5;9;9;9;9;9;2160;864;3024;0;432;0;432
2;6;7;7;8;8;9;9;9;2628;2196;2988;168;888;388;752
3;3;6;9;9;9;9;9;9;3600;1440;5040;0;720;0;720
2;7;7;8;9;9;9;9;9;4140;3960;13320;228;1980;798;954
5;6;7;7;8;8;9;9;9;9588;8724;12012;96;3288;1500;3840
2;5;7;9;9;9;9;9;9;3264;2832;10128;96;1488;312;936
2;5;6;6;6;7;9;9;9;624;84;240;12;48;0;24
2;4;5;6;6;7;8;9;9;145;19;53;3;10;0;6
5;8;8;8;8;8;9;9;9;18912;18912;32928;480;2016;5184;11232
2;5;5;6;6;7;9;9;9;416;56;160;8;32;0;16
5;6;7;7;8;8;8;9;9;7204;6664;3704;360;1368;78;4858
3;4;5;6;7;7;9;9;9;776;344;232;20;260;6;58
4;7;7;7;8;9;9;9;9;9276;8628;20532;108;3228;1836;3456
4;6;7;7;7;8;8;9;9;3710;3170;2014;120;1280;44;1726
3;5;5;8;8;9;9;9;9;3504;2208;5568;24;912;408;864
3;4;4;7;7;7;9;9;9;608;320;112;16;256;0;48
2;3;6;6;7;8;9;9;9;364;184;248;14;96;16;58
7;7;7;7;7;7;9;9;9;10080;10080;2880;0;8640;0;1440
7;7;7;7;7;7;8;9;9;5040;5040;1440;0;4320;0;720
2;3;4;6;6;8;8;9;9;83;11;25;5;2;0;4
2;3;4;8;8;8;9;9;9;892;172;260;12;40;48;72
3;4;7;7;7;8;8;9;9;1312;1024;704;84;412;12;516
2;4;8;8;9;9;9;9;9;2592;2016;6624;48;912;288;768
2;5;5;7;8;8;8;9;9;790;574;398;118;108;4;344
5;5;5;8;8;8;9;9;9;5184;4320;6048;288;1296;936;1800
3;4;4;6;8;8;9;9;9;880;304;560;16;96;96;96
2;3;4;6;8;8;8;9;9;236;56;52;8;8;0;40
3;5;5;7;7;8;8;9;9;1064;632;664;48;232;16;336
3;4;4;6;6;7;9;9;9;328;40;104;8;16;0;16
3;4;6;6;6;9;9;9;9;768;336;960;36;156;18;126
2;3;5;5;6;8;9;9;9;92;20;52;4;8;0;8
4;4;5;5;8;9;9;9;9;1080;432;1512;0;216;0;216
3;7;9;9;9;9;9;9;9;8640;8640;56160;0;5328;1872;1440
4;8;8;8;9;9;9;9;9;12960;12960;64800;0;4176;5040;3744
6;6;6;6;8;8;8;9;9;4800;3936;2544;672;672;48;2544
5;5;5;6;6;7;8;9;9;816;96;336;0;48;0;48
2;4;4;5;6;8;8;9;9;46;10;26;5;2;0;3
4;4;5;5;6;8;9;9;9;384;96;336;0;48;0;48
2;3;6;6;6;7;9;9;9;212;32;76;4;16;0;12
3;5;6;7;8;8;9;9;9;3227;2417;3415;109;918;508;882
3;3;6;7;8;8;9;9;9;1468;820;1124;56;280;176;308
5;5;8;8;8;9;9;9;9;10800;10152;28728;0;3240;2736;4176
2;4;6;7;9;9;9;9;9;1860;996;2892;72;516;96;312
2;4;7;7;7;9;9;9;9;1368;936;1656;80;496;32;328
3;6;6;8;8;8;8;9;9;3756;3324;1860;456;348;48;2472
2;4;7;9;9;9;9;9;9;2532;1956;6684;48;984;156;768
2;6;6;7;7;7;9;9;9;1332;900;396;36;756;0;108
2;3;6;6;8;8;8;9;9;298;190;134;42;32;2;114
3;5;5;5;7;7;8;9;9;278;134;82;16;96;2;20
2;5;5;8;8;8;8;9;9;1044;828;468;188;92;4;544
3;5;6;6;6;7;8;9;9;618;78;246;6;38;4;30
3;6;8;8;8;9;9;9;9;7352;6920;19000;264;2196;1976;2484
5;5;5;7;8;8;9;9;9;4188;3216;4560;162;1152;642;1260
2;4;6;7;7;7;9;9;9;680;464;184;20;380;0;64
3;5;5;6;6;8;9;9;9;784;208;656;16;96;16;80
4;5;7;7;7;7;9;9;9;3532;2884;1004;68;2392;40;384
2;3;6;6;7;7;8;9;9;140;68;40;4;52;0;12
3;3;5;6;7;8;8;9;9;350;134;154;22;48;0;64
4;4;6;6;6;7;8;9;9;620;80;244;8;36;4;32
5;6;6;8;8;8;8;9;9;7264;6832;3536;816;744;96;5176
2;3;7;7;9;9;9;9;9;1164;732;1860;36;324;84;288
3;7;7;7;8;8;8;9;9;4572;4140;2340;348;888;36;2868
3;4;4;5;7;9;9;9;9;384;96;336;0;48;0;48
4;4;4;6;8;9;9;9;9;1152;504;1440;12;204;72;216
3;5;5;6;6;9;9;9;9;744;312;984;24;144;24;120
5;5;5;6;7;7;8;9;9;1074;498;366;18;384;6;90
4;6;6;6;6;9;9;9;9;2196;900;2988;36;432;36;396
6;7;8;8;8;8;8;9;9;18120;18048;8952;456;1176;96;16320
2;4;8;8;8;9;9;9;9;2316;1884;4596;96;624;432;732
2;8;8;9;9;9;9;9;9;5040;5040;27360;120;3480;720;720
2;6;6;6;9;9;9;9;9;2040;1608;3576;168;912;48;480
2;3;7;8;9;9;9;9;9;1452;876;2580;18;366;108;384
3;3;4;5;6;9;9;9;9;204;24;84;0;12;0;12
3;6;7;8;8;9;9;9;9;6436;5788;14948;188;1980;1520;2100
3;3;5;5;7;8;8;9;9;188;44;100;20;8;0;16
4;4;4;7;7;8;8;9;9;552;336;312;36;132;0;168
5;5;5;5;6;7;8;9;9;408;48;168;0;24;0;24
2;3;6;6;8;9;9;9;9;642;318;654;28;140;32;118
5;5;5;6;6;9;9;9;9;1440;576;2016;0;288;0;288
2;5;5;5;6;8;8;9;9;104;32;76;12;8;0;12
4;4;8;8;9;9;9;9;9;6720;5856;20064;0;2784;864;2208
3;5;8;9;9;9;9;9;9;6600;6168;26232;0;3228;1008;1932
4;6;6;8;9;9;9;9;9;8240;7376;23728;0;3240;1416;2720
3;3;4;7;7;8;9;9;9;910;190;242;12;92;28;58
3;5;5;5;6;9;9;9;9;372;156;492;12;72;12;60
2;4;5;6;8;8;8;9;9;422;242;190;58;40;2;142
6;6;7;7;7;8;8;9;9;6000;5424;3216;48;2208;36;3132
2;6;8;8;8;8;8;9;9;3096;2808;1512;384;192;0;2232
3;5;6;6;7;7;8;9;9;808;376;272;14;294;7;61
3;6;6;7;8;8;9;9;9;4092;3228;4548;128;1280;644;1176
3;4;6;7;7;7;8;9;9;674;458;190;18;370;6;64
2;3;4;6;8;8;9;9;9;436;76;140;4;24;24;24
3;7;7;7;7;9;9;9;9;5296;4864;8096;288;2480;272;1824
3;4;5;6;8;8;8;9;9;789;483;381;81;76;7;319
2;4;5;5;9;9;9;9;9;768;192;672;48;96;0;48
2;4;4;6;7;9;9;9;9;412;124;308;32;64;4;24
2;4;4;5;6;7;9;9;9;80;8;28;2;4;0;2
4;4;7;7;8;8;8;9;9;2928;2280;1608;264;408;24;1584
5;5;8;8;8;8;9;9;9;10728;10296;15624;504;2160;2520;5112
3;3;6;7;8;8;8;9;9;908;584;388;72;112;0;400
3;5;6;6;7;9;9;9;9;1950;1194;2694;58;600;86;450
4;4;6;8;8;9;9;9;9;4500;3420;8244;88;1320;660;1352
2;4;4;7;8;9;9;9;9;912;264;708;62;100;48;54
4;4;5;8;9;9;9;9;9;4080;2568;7800;0;1284;180;1104
4;6;8;8;9;9;9;9;9;10640;10208;41632;0;3864;3128;3216
2;4;7;8;8;9;9;9;9;2076;1536;3648;86;562;322;566
3;3;6;7;7;8;8;9;9;592;376;272;36;152;0;188
4;4;5;5;6;9;9;9;9;360;144;504;0;72;0;72
3;3;5;6;7;9;9;9;9;836;260;604;28;128;8;96
2;4;5;5;8;8;9;9;9;440;152;280;32;48;48;24
3;5;5;5;7;8;9;9;9;650;290;574;28;96;86;80
4;5;8;8;8;8;8;9;9;6768;6552;3168;828;444;72;5208
6;6;6;7;9;9;9;9;9;10800;10152;28728;0;4464;1512;4176
6;6;8;8;8;8;9;9;9;16800;16512;26688;0;3648;3744;9120
6;7;7;7;8;9;9;9;9;14280;13956;34644;0;5040;2694;6222
3;3;5;5;6;8;9;9;9;184;40;104;8;16;0;16
4;4;4;7;7;9;9;9;9;1248;600;1344;48;312;24;216
3;4;4;6;7;8;9;9;9;644;212;364;16;104;28;64
4;6;6;6;7;8;9;9;9;3498;1986;3198;24;1068;186;708
2;4;6;8;8;8;9;9;9;1512;1080;1512;80;336;248;416
2;4;6;6;7;8;9;9;9;704;344;520;28;192;32;92
4;6;7;7;8;8;8;9;9;5520;4872;2904;344;968;68;3492
7;8;8;8;8;9;9;9;9;23040;23040;93600;0;1440;9408;12192
6;6;6;6;7;8;9;9;9;5640;3336;5304;0;1824;216;1296
5;6;6;8;8;9;9;9;9;9600;8736;22368;0;3240;1816;3680
2;4;5;5;6;8;8;9;9;92;20;52;10;4;0;6
5;6;6;7;7;8;8;9;9;3816;2952;2232;72;1152;40;1688
3;3;4;6;8;8;9;9;9;872;152;280;8;48;48;48
5;6;8;8;9;9;9;9;9;13200;12912;56208;0;4248;4488;4176
2;4;4;6;6;8;9;9;9;184;40;104;16;16;0;8
3;6;6;6;7;7;8;9;9;1072;496;368;16;392;8;80
3;4;4;5;7;8;9;9;9;308;92;196;4;32;24;32
3;6;6;6;6;7;9;9;9;1648;208;656;16;104;8;80
2;3;7;8;8;8;8;9;9;672;528;336;72;48;0;408
3;5;5;5;8;9;9;9;9;1116;468;1476;36;216;36;180
3;4;7;7;7;9;9;9;9;2512;1864;3320;128;920;116;700
3;4;4;8;9;9;9;9;9;3072;768;2688;0;384;0;384
2;7;7;8;8;9;9;9;9;3912;3696;9264;264;1464;828;1140
4;5;5;7;7;9;9;9;9;2816;1736;4096;16;872;96;752
4;5;7;7;7;9;9;9;9;5040;3960;7704;88;1968;248;1656
5;5;8;9;9;9;9;9;9;11280;11064;53736;0;5112;2784;3168
5;7;7;8;8;8;9;9;9;13944;13584;20976;252;3264;3036;7032
3;4;7;8;8;9;9;9;9;3922;3058;7310;112;1080;698;1168
5;7;8;8;8;8;9;9;9;16428;16248;26952;366;2640;4122;9120
5;5;8;8;9;9;9;9;9;11040;10608;41232;0;4176;2832;3600
2;6;6;7;8;9;9;9;9;2290;1858;3974;154;884;262;558
3;3;6;6;6;7;9;9;9;424;64;152;8;32;0;24
4;4;6;6;7;8;8;9;9;1064;632;664;48;232;12;340
3;4;6;7;7;9;9;9;9;2080;1324;2564;80;660;86;498
6;6;6;6;7;7;9;9;9;5280;2400;1920;0;1920;0;480
5;5;7;7;7;7;8;9;9;2340;1908;684;36;1584;24;264
4;5;5;6;6;8;9;9;9;1160;296;1000;8;144;8;136
2;4;4;5;7;7;9;9;9;116;44;28;8;32;0;4
2;3;6;7;9;9;9;9;9;1184;536;1408;24;240;56;216
4;5;7;7;8;9;9;9;9;6260;5180;12316;44;2100;944;2092
5;5;6;6;8;8;9;9;9;4488;3192;4584;24;1488;512;1168
4;6;6;6;8;9;9;9;9;4872;3576;8088;12;1644;372;1548
6;6;6;6;6;8;8;9;9;2040;600;1560;120;120;0;360
2;3;6;8;8;8;9;9;9;948;516;780;36;120;144;216
2;5;5;8;9;9;9;9;9;2118;1362;3822;156;720;108;378
5;6;6;6;6;9;9;9;9;2880;1152;4032;0;576;0;576
3;4;4;8;8;8;8;9;9;1104;528;336;72;48;0;408
2;5;5;8;8;8;9;9;9;1516;1084;1508;148;336;252;348
2;3;5;7;9;9;9;9;9;1204;340;956;12;156;28;144
4;6;7;7;8;8;9;9;9;7360;6496;9056;152;2352;1264;2728
4;5;5;5;6;8;9;9;9;576;144;504;0;72;0;72
5;6;6;7;8;9;9;9;9;8040;6960;16368;0;2916;1048;2996
2;6;7;8;8;8;9;9;9;3234;2730;4182;228;804;630;1068
2;6;7;8;8;8;8;9;9;2484;2232;1224;288;282;0;1662
4;5;7;8;8;9;9;9;9;7378;6514;16814;76;2340;1554;2544
5;6;7;8;8;9;9;9;9;11640;10992;30480;0;3528;2856;4608
3;5;5;5;6;7;9;9;9;412;52;164;4;24;4;20
3;6;9;9;9;9;9;9;9;7920;7920;43920;0;4644;1476;1800
3;4;5;7;7;9;9;9;9;1648;784;1808;32;400;56;296
2;4;4;7;9;9;9;9;9;1152;288;1008;72;144;0;72
3;6;8;9;9;9;9;9;9;7800;7512;35688;0;3876;1608;2028
4;5;6;7;7;7;8;9;9;1484;998;460;24;814;15;145
4;5;5;9;9;9;9;9;9;6000;4704;14736;0;2544;240;1920
2;3;4;5;7;9;9;9;9;204;24;84;0;12;0;12
2;6;6;9;9;9;9;9;9;3384;2952;10008;216;1692;288;756
4;5;6;7;7;7;9;9;9;2968;1996;920;48;1628;30;290
4;4;5;7;8;8;8;9;9;1532;1100;844;156;180;12;752
2;7;9;9;9;9;9;9;9;4800;4800;27600;0;3600;0;1200
2;3;6;6;6;8;9;9;9;208;64;152;8;32;0;24
3;3;4;6;8;9;9;9;9;1248;168;480;4;68;24;72
2;6;7;7;7;7;8;9;9;792;648;216;24;552;0;72
2;4;7;8;8;8;9;9;9;1798;1438;2018;112;368;330;628
4;5;5;6;8;9;9;9;9;2704;1624;4208;4;764;132;724
3;4;4;5;8;8;9;9;9;440;152;280;8;48;48;48
6;6;7;7;7;7;8;9;9;3840;3120;1200;0;2640;0;480
2;3;7;7;7;7;9;9;9;408;336;96;12;276;0;48
3;3;8;9;9;9;9;9;9;3120;2400;8400;0;1200;0;1200
3;7;7;8;8;9;9;9;9;7512;7080;18840;264;2304;1968;2544
4;6;6;6;8;8;8;9;9;2952;2304;1584;384;384;36;1500
5;5;6;6;7;7;9;9;9;3192;1464;1128;24;1152;16;272
6;6;7;7;8;8;8;9;9;8880;8448;4512;336;1776;72;6264
4;6;6;6;8;8;9;9;9;4488;3192;4584;24;1488;528;1152
2;4;6;6;8;9;9;9;9;1216;568;1376;56;280;64;168
2;7;8;8;9;9;9;9;9;4608;4464;17136;192;2208;936;1128
4;4;6;6;6;8;8;9;9;620;188;460;60;36;4;88
2;9;9;9;9;9;9;9;9;5040;5040;40320;0;5040;0;0
3;3;6;6;8;8;9;9;9;1000;568;728;40;240;104;184
5;6;6;6;6;7;8;9;9;1632;192;672;0;96;0;96
6;6;7;7;7;8;9;9;9;9240;8088;9192;0;4512;612;2964
5;6;7;7;7;7;8;9;9;3090;2514;942;18;2112;18;366
6;6;8;8;9;9;9;9;9;15360;15216;71184;0;4320;5760;5136
3;3;6;6;6;7;8;9;9;212;32;76;4;16;0;12
2;5;5;5;7;7;8;9;9;140;68;40;10;50;0;8
5;6;6;6;7;7;9;9;9;4236;1932;1524;12;1536;12;372
4;7;8;8;8;8;8;9;9;11052;10836;5364;828;732;96;9180
2;4;4;7;8;8;9;9;9;680;248;400;52;64;72;60
4;5;5;6;8;8;9;9;9;2384;1520;2368;32;640;328;520
6;7;7;7;8;8;8;9;9;10920;10704;5496;168;2328;48;8160
5;6;7;7;7;9;9;9;9;8280;7200;13536;0;3600;312;3288
2;4;5;7;7;9;9;9;9;836;404;892;40;224;16;124
3;4;4;6;8;8;8;9;9;512;224;208;32;32;0;160
2;4;7;8;8;8;8;9;9;1284;1104;624;144;126;0;834
2;7;7;7;9;9;9;9;9;3672;3456;9504;264;1752;504;936
2;5;5;5;9;9;9;9;9;768;336;960;48;192;0;96
2;3;6;7;8;8;8;9;9;454;292;194;36;56;0;200
2;5;5;6;8;9;9;9;9;1010;578;1366;64;308;40;166
2;6;9;9;9;9;9;9;9;4320;4320;21600;0;2880;0;1440
2;4;5;6;6;7;9;9;9;290;38;106;6;20;0;12
6;6;6;6;6;7;8;9;9;2040;240;840;0;120;0;120
5;5;6;8;9;9;9;9;9;8400;7536;23568;0;3384;1280;2872
3;4;5;6;6;8;9;9;9;576;144;432;16;64;8;56
3;3;4;7;7;7;8;9;9;260;80;28;4;64;0;12
2;4;7;8;9;9;9;9;9;2388;1668;5244;60;780;228;600
2;5;8;9;9;9;9;9;9;3492;3276;12924;48;1752;288;1188
3;5;5;6;8;8;9;9;9;1692;1044;1548;36;440;240;328
3;5;6;6;8;8;9;9;9;2370;1614;2274;62;732;308;512
4;4;4;7;8;8;8;9;9;828;504;468;72;72;0;360
3;7;8;8;8;8;9;9;9;8640;8388;13212;558;1584;2106;4140
2;5;6;7;7;8;9;9;9;1296;864;1080;60;484;90;230
3;3;5;5;7;7;9;9;9;236;92;52;16;64;0;12
5;5;6;7;8;9;9;9;9;6360;5172;12324;0;2232;718;2222
3;6;6;6;6;9;9;9;9;1488;624;1968;48;312;24;240
2;4;5;5;6;9;9;9;9;192;48;168;12;24;0;12
3;4;7;8;8;8;9;9;9;3470;2858;4054;206;698;698;1256
2;4;5;7;7;8;8;9;9;396;216;216;30;84;2;100
5;5;6;6;6;8;8;9;9;1224;360;936;72;72;0;216
2;4;6;7;7;8;8;9;9;530;368;280;39;150;1;178
2;6;6;6;7;7;9;9;9;1080;504;360;24;408;0;72
2;4;6;8;9;9;9;9;9;2144;1280;3904;72;636;140;432
2;5;5;7;8;8;9;9;9;1198;820;1124;98;312;169;241
3;3;4;6;7;8;9;9;9;610;106;182;8;52;14;32
3;5;5;8;8;8;8;9;9;2080;1648;944;264;168;16;1200
3;5;5;9;9;9;9;9;9;4800;3072;9888;0;1632;192;1248
3;6;7;8;8;8;9;9;9;6180;5496;8328;282;1464;1350;2400
4;5;5;8;9;9;9;9;9;5280;3984;11568;0;1992;324;1668
2;4;6;7;8;8;8;9;9;792;576;396;90;110;2;374
3;3;8;8;8;9;9;9;9;2448;2016;4464;96;624;432;864
3;3;6;8;9;9;9;9;9;3024;1296;3888;24;552;144;576
2;6;7;9;9;9;9;9;9;3876;3588;13692;144;1992;468;984
2;3;5;7;8;8;9;9;9;699;267;381;18;86;62;101
4;6;7;7;7;9;9;9;9;6396;5532;10020;152;2736;340;2304
5;5;5;7;7;8;9;9;9;3192;2112;3072;36;1008;348;720
3;4;4;5;8;9;9;9;9;576;144;504;0;72;0;72
3;4;4;5;6;7;9;9;9;160;16;56;0;8;0;8
4;4;5;6;7;7;9;9;9;1084;508;356;28;384;8;88
5;5;6;7;7;7;8;9;9;1968;1320;624;24;1080;16;200
2;3;6;6;9;9;9;9;9;816;384;912;36;192;12;144
3;5;5;5;8;8;8;9;9;556;340;308;64;48;4;224
5;5;6;8;8;9;9;9;9;7680;6600;16728;0;2592;1240;2768
2;5;5;5;8;8;8;9;9;280;172;152;40;28;0;104
2;6;7;8;8;9;9;9;9;3396;2964;7404;200;1168;652;944
4;4;4;5;7;8;8;9;9;204;60;156;12;12;0;36
4;6;7;7;7;7;9;9;9;4664;3800;1384;56;3184;40;520
4;5;5;6;6;7;9;9;9;1228;148;500;4;72;4;68
5;5;6;6;8;8;8;9;9;2952;2304;1584;384;384;32;1504
2;7;7;8;8;8;8;9;9;3072;2784;1536;360;360;0;2064
4;7;7;7;7;8;8;9;9;4536;4104;2376;144;1680;48;2232
2;3;4;5;7;8;8;9;9;82;10;26;2;2;0;6
2;3;6;7;7;7;9;9;9;348;240;84;12;192;0;36
4;4;6;7;9;9;9;9;9;4320;3024;8640;0;1464;288;1272
2;3;5;7;7;7;9;9;9;304;160;56;8;128;0;24
4;7;8;8;8;9;9;9;9;12212;11996;36604;276;3020;3984;4716
2;3;4;5;8;8;8;9;9;118;28;26;4;4;0;20
2;7;7;7;7;8;9;9;9;2358;2178;2142;132;1260;180;606
5;9;9;9;9;9;9;9;9;11520;11520;169920;0;5760;5760;0
4;6;7;7;9;9;9;9;9;8640;7776;23328;0;3312;1480;2984
2;5;6;7;7;8;8;9;9;760;544;428;60;224;2;258
2;7;7;7;7;8;8;9;9;1536;1392;768;120;600;0;672
4;5;7;7;9;9;9;9;9;7040;5960;17368;0;2664;968;2328
2;3;5;7;7;8;8;9;9;256;112;104;12;44;0;56
3;4;5;6;7;8;9;9;9;951;429;723;21;206;68;134
4;7;8;8;8;8;9;9;9;12628;12412;19988;552;2128;3192;6540
6;7;7;9;9;9;9;9;9;15840;15768;92232;0;4752;6360;4656
8;8;8;8;8;8;9;9;9;30240;30240;60480;0;0;8640;21600
4;4;5;8;8;8;8;9;9;2080;1648;944;264;168;12;1204
2;3;5;6;8;9;9;9;9;622;190;458;16;86;16;72
2;3;4;6;6;7;8;9;9;59;5;13;1;2;0;2
3;5;6;6;7;8;8;9;9;1060;628;668;63;228;14;323
3;3;5;6;6;7;9;9;9;328;40;104;8;16;0;16
2;7;7;9;9;9;9;9;9;4368;4224;17376;192;2496;624;912
2;5;5;9;9;9;9;9;9;2448;1584;4896;192;912;48;432
2;8;9;9;9;9;9;9;9;5040;5040;33840;0;4320;0;720
3;3;4;5;6;7;8;9;9;58;4;14;0;2;0;2
3;4;4;7;7;8;8;9;9;512;224;208;24;88;0;112
2;6;7;7;9;9;9;9;9;3216;2784;7584;200;1384;392;808
2;3;6;7;8;9;9;9;9;948;462;996;26;184;73;179
6;6;6;6;7;8;8;9;9;3360;2208;2112;96;816;24;1272
2;5;6;7;7;9;9;9;9;1504;964;1952;92;544;36;292
5;6;6;6;6;8;9;9;9;3072;768;2688;0;384;0;384
5;7;7;7;7;7;9;9;9;7152;6576;2064;48;5568;48;912
4;4;5;7;9;9;9;9;9;3280;1984;5792;0;984;128;872
3;4;5;7;7;8;9;9;9;1344;732;996;30;352;128;222
4;4;6;6;7;7;8;9;9;808;376;272;16;288;8;64
4;5;6;6;8;8;9;9;9;3436;2356;3476;28;1064;432;832
2;4;4;5;8;8;8;9;9;128;56;52;16;8;0;32
6;7;8;8;8;9;9;9;9;18360;18252;62748;0;3312;6462;8478
5;5;5;8;8;9;9;9;9;5760;4464;11088;0;1944;576;1944
3;4;8;8;9;9;9;9;9;4752;4032;13248;24;1848;672;1488
2;3;6;7;7;7;8;9;9;174;120;42;6;96;0;18
3;3;7;7;7;8;8;9;9;672;528;336;48;216;0;264
5;5;6;9;9;9;9;9;9;9120;8472;30408;0;4176;1272;3024
3;6;6;6;7;9;9;9;9;2512;1648;3536;88;832;112;616
3;5;5;6;7;7;8;9;9;544;256;176;12;196;6;42
4;4;5;5;7;7;8;9;9;276;132;84;12;96;0;24
3;4;5;8;8;8;8;9;9;1592;1088;640;168;108;8;804
3;8;8;8;8;8;8;9;9;8832;8832;4128;960;384;48;7440
2;4;4;6;6;9;9;9;9;204;60;156;24;24;0;12
4;4;6;7;7;7;8;9;9;1000;676;296;24;548;8;96
5;5;6;6;6;8;9;9;9;2304;576;2016;0;288;0;288
3;3;5;8;8;8;9;9;9;1840;688;1040;48;160;192;288
4;5;6;7;7;9;9;9;9;3928;2848;5900;52;1420;172;1204
2;5;6;6;7;8;8;9;9;536;320;328;48;124;2;146
4;5;5;7;7;7;9;9;9;2008;1360;584;56;1088;20;196
3;4;4;7;7;8;9;9;9;956;380;484;24;184;56;116
4;6;6;6;6;8;8;9;9;1230;366;930;90;72;6;198
2;8;8;8;8;9;9;9;9;5040;5040;14400;360;1800;1296;1584
2;3;8;8;8;8;8;9;9;792;720;360;96;48;0;576
4;5;5;7;7;7;8;9;9;1004;680;292;28;544;10;98
4;4;9;9;9;9;9;9;9;7200;7200;31680;0;4320;480;2400
4;5;6;8;9;9;9;9;9;6760;5680;17648;0;2616;908;2156
6;7;7;8;8;8;9;9;9;17040;16752;26448;0;4128;3468;9156
2;5;8;8;8;8;9;9;9;2988;2556;3924;216;540;648;1152
3;3;5;5;7;7;8;9;9;118;46;26;8;32;0;6
3;4;6;6;6;8;9;9;9;800;224;640;24;104;12;84
5;5;5;5;7;7;8;9;9;552;264;168;24;192;0;48
3;4;5;5;6;8;9;9;9;284;68;220;4;32;4;28
6;6;9;9;9;9;9;9;9;14400;14400;115200;0;5472;6048;2880
2;3;4;8;9;9;9;9;9;1632;192;672;0;96;0;96
4;9;9;9;9;9;9;9;9;10800;10800;125280;0;7200;3600;0
5;5;5;6;6;7;9;9;9;1632;192;672;0;96;0;96
3;5;7;7;8;8;9;9;9;3956;3308;4468;178;1170;684;1276
2;5;6;6;8;9;9;9;9;1444;904;2012;92;472;72;268
3;3;5;5;8;9;9;9;9;612;180;468;36;72;0;72
3;3;5;7;8;8;9;9;9;1398;534;762;36;172;124;202
3;5;7;8;8;9;9;9;9;5260;4396;11156;112;1584;1084;1616
3;6;6;6;7;8;9;9;9;2368;1360;2096;60;736;136;428
4;4;5;5;6;7;9;9;9;408;48;168;0;24;0;24
3;4;8;8;8;9;9;9;9;4320;3780;9180;156;1272;918;1434
3;3;7;8;8;8;9;9;9;2016;1440;2016;108;300;360;672
2;5;7;8;8;8;9;9;9;2540;2108;3076;170;586;480;872
4;5;6;6;8;8;8;9;9;2244;1704;1212;280;280;26;1118
4;4;4;6;9;9;9;9;9;1440;576;2016;0;288;0;288
2;4;4;7;7;8;9;9;9;478;190;242;34;92;28;36
5;7;7;7;7;9;9;9;9;10080;9216;16704;0;4608;384;4224
2;3;6;6;8;8;9;9;9;500;284;364;20;120;52;92
6;7;7;7;8;8;9;9;9;14040;13608;18792;0;4992;2148;6468
3;5;5;5;7;8;8;9;9;412;124;308;36;24;4;60
5;6;6;7;8;8;8;9;9;5540;4892;2884;444;948;68;3432
6;7;8;8;8;8;9;9;9;20040;19896;34104;0;3264;4752;11880
4;6;8;8;8;8;9;9;9;10592;10160;15760;384;2216;2544;5016
3;6;7;7;7;8;9;9;9;3904;3292;3620;134;1816;342;1000
2;4;5;6;9;9;9;9;9;1152;432;1296;60;240;12;120
3;4;4;6;7;8;8;9;9;348;132;156;16;48;0;68
3;5;7;8;8;8;9;9;9;4858;4210;6158;264;1074;1040;1832
4;4;4;6;7;8;8;9;9;378;198;234;24;72;0;102
2;5;6;7;9;9;9;9;9;2254;1606;4226;128;832;174;472
4;5;5;5;8;8;8;9;9;828;504;468;72;72;0;360
3;3;5;5;6;7;8;9;9;82;10;26;2;4;0;4
4;5;5;5;6;7;8;9;9;306;36;126;0;18;0;18
4;4;4;6;7;9;9;9;9;804;372;924;24;192;12;144
2;3;4;7;8;9;9;9;9;942;132;354;4;50;24;54
2;4;5;6;7;8;8;9;9;290;128;160;25;46;1;56
5;5;5;6;8;9;9;9;9;3480;2184;5592;0;1044;144;996
5;5;6;7;7;9;9;9;9;5040;3744;7920;0;1872;168;1704
5;6;6;6;8;8;8;9;9;3876;3120;2064;528;528;42;2022
3;5;6;9;9;9;9;9;9;5640;4344;15096;0;2220;528;1596
4;5;5;5;7;9;9;9;9;1080;432;1512;0;216;0;216
3;5;6;7;8;8;8;9;9;2210;1778;1138;216;338;26;1198
2;3;5;5;7;8;9;9;9;161;53;91;10;16;12;15
2;4;7;7;8;8;8;9;9;996;780;516;96;156;0;528
6;7;7;7;7;7;8;9;9;4440;4080;1320;0;3480;0;600
2;4;6;9;9;9;9;9;9;2388;1524;4956;72;804;96;552
3;4;6;6;9;9;9;9;9;2496;1416;3768;36;720;108;552
2;8;8;8;8;8;9;9;9;5088;5088;7872;480;1008;1152;2448
3;4;6;6;8;8;9;9;9;1692;1044;1548;36;440;240;328
2;3;4;6;7;7;8;9;9;94;22;14;2;16;0;4
4;7;7;7;7;8;9;9;9;6846;6306;6654;144;3420;672;2070
3;7;7;8;8;8;9;9;9;7344;6840;10440;396;1632;1668;3144
2;3;4;5;8;9;9;9;9;306;36;126;0;18;0;18
2;5;5;6;7;8;8;9;9;372;192;240;36;70;2;84
4;5;6;6;7;8;8;9;9;1576;928;1016;60;332;18;518
4;5;5;6;7;8;8;9;9;1094;554;742;48;184;10;312
3;5;6;6;9;9;9;9;9;3228;2256;5520;102;1152;162;840
2;4;5;8;8;9;9;9;9;1506;750;1842;66;330;120;234
2;5;6;6;9;9;9;9;9;1788;1140;2748;120;648;36;336
2;5;7;7;7;7;9;9;9;1200;984;312;36;828;0;120
5;5;5;7;7;8;8;9;9;2088;1224;1368;72;432;24;696
3;5;7;8;9;9;9;9;9;5750;4886;15850;56;2148;1010;1672
3;4;5;5;6;7;8;9;9;143;17;55;1;8;1;7
8;8;8;8;9;9;9;9;9;20160;20160;161280;0;0;11520;8640
6;6;7;7;7;9;9;9;9;10080;9216;16704;0;4608;360;4248
2;4;5;7;8;9;9;9;9;1206;558;1386;56;262;72;168
5;6;8;8;8;9;9;9;9;13320;12888;38952;0;3492;3960;5436
3;5;5;5;6;8;9;9;9;392;104;328;8;48;8;40
3;3;4;9;9;9;9;9;9;4080;480;1680;0;240;0;240
3;4;5;6;8;8;9;9;9;1286;674;1054;26;268;168;212
3;5;7;8;8;8;8;9;9;3744;3312;1872;416;356;36;2504
2;4;8;8;8;8;9;9;9;2064;1776;2544;144;360;432;840
3;5;5;8;9;9;9;9;9;4152;2640;7728;12;1272;300;1056
3;7;7;7;7;8;9;9;9;4640;4280;4360;180;2368;436;1296
2;6;6;7;7;9;9;9;9;1812;1380;2508;124;764;48;444
2;3;5;9;9;9;9;9;9;1920;480;1680;0;240;0;240
2;7;7;7;8;8;8;9;9;2304;2088;1152;240;480;0;1368
5;5;6;7;7;8;9;9;9;4608;3312;4464;24;1728;388;1172
5;5;7;7;7;7;9;9;9;4680;3816;1368;72;3168;48;528
4;8;8;8;8;9;9;9;9;13680;13680;44640;360;2916;4932;5472
4;7;7;7;7;7;9;9;9;5400;4968;1512;72;4200;48;648
5;6;6;6;6;7;9;9;9;3264;384;1344;0;192;0;192
3;4;4;6;7;7;8;9;9;232;88;56;8;64;0;16
3;3;4;6;6;7;9;9;9;236;20;52;4;8;0;8
3;6;6;8;9;9;9;9;9;5920;5056;15680;56;2232;1016;1752
4;4;4;8;8;9;9;9;9;2376;1080;2808;36;396;216;432
7;7;7;8;8;9;9;9;9;18720;18720;59040;0;4320;5616;8784
7;8;8;8;8;8;8;9;9;25920;25920;12960;0;720;0;25200
3;6;6;6;6;7;8;9;9;824;104;328;8;52;4;40
4;4;4;7;8;8;9;9;9;1392;744;1200;48;192;216;288
3;3;4;6;7;8;8;9;9;318;66;78;8;24;0;34
2;5;7;7;9;9;9;9;9;2720;2072;5704;136;1016;280;640
3;3;6;6;6;8;8;9;9;212;68;148;24;16;0;28
4;8;9;9;9;9;9;9;9;11520;11520;105120;0;6192;4368;960
2;3;8;8;8;9;9;9;9;1224;1008;2232;48;312;216;432
6;6;6;8;8;9;9;9;9;11520;10872;28008;0;3888;2304;4680
6;6;7;9;9;9;9;9;9;14400;14256;72144;0;5184;4728;4344
4;4;6;7;7;9;9;9;9;2816;1952;3880;104;968;108;772
2;4;4;5;7;8;8;9;9;92;20;52;10;4;0;6
2;7;7;7;8;8;9;9;9;3060;2844;3636;216;1128;468;1032
4;4;5;5;8;8;9;9;9;888;456;840;24;144;144;144
4;5;5;5;7;8;9;9;9;954;414;882;18;144;108;144
3;4;6;7;7;8;8;9;9;1050;726;570;60;286;10;370
4;5;5;7;8;9;9;9;9;3708;2520;6228;8;1132;296;1084
3;6;6;6;8;8;9;9;9;3048;2184;3000;88;1024;376;696
3;6;7;8;8;8;8;9;9;4926;4422;2490;492;486;48;3396
3;3;4;5;6;8;9;9;9;160;16;56;0;8;0;8
3;4;4;6;6;9;9;9;9;408;120;312;24;48;0;48
2;3;5;6;7;7;8;9;9;117;45;27;3;34;0;8
4;5;5;7;7;8;9;9;9;2462;1598;2290;36;764;274;524
2;3;4;6;9;9;9;9;9;816;96;336;0;48;0;48
2;3;6;8;9;9;9;9;9;1512;648;1944;12;276;72;288
3;4;8;9;9;9;9;9;9;5040;4464;17136;0;2376;432;1656
3;4;5;5;8;9;9;9;9;846;306;990;18;144;18;126
3;4;6;6;6;7;8;9;9;416;56;160;6;26;3;21
2;5;8;8;9;9;9;9;9;3384;2952;10008;96;1344;504;1008
4;7;7;7;8;8;8;9;9;6804;6156;3564;324;1260;72;4500
2;4;5;7;7;7;9;9;9;492;312;120;20;252;2;38
2;4;5;7;7;8;9;9;9;679;373;491;30;190;57;96
2;5;5;5;6;9;9;9;9;192;84;240;12;48;0;24
2;3;4;5;6;7;9;9;9;58;4;14;0;2;0;2
2;5;5;5;7;8;8;9;9;208;64;152;24;16;0;24
3;3;5;5;9;9;9;9;9;816;240;624;48;96;0;96
4;5;6;6;6;8;9;9;9;1744;448;1496;16;216;16;200
4;5;5;5;7;7;8;9;9;414;198;126;18;144;0;36
3;4;6;6;7;7;8;9;9;544;256;176;12;196;6;42
2;6;8;8;9;9;9;9;9;4056;3768;13512;144;1776;720;1128
4;5;6;6;6;7;8;9;9;922;112;374;4;54;4;50
4;7;7;8;8;9;9;9;9;10744;10312;28568;192;3124;2952;4044
2;4;6;6;6;7;9;9;9;420;60;156;8;32;0;20
3;4;5;5;6;7;9;9;9;286;34;110;2;16;2;14
2;7;8;8;8;9;9;9;9;4512;4296;11904;288;1512;1080;1416
3;6;6;7;7;8;8;9;9;1940;1508;1084;96;604;24;784
4;5;6;7;8;9;9;9;9;5024;3890;9232;26;1652;609;1603
4;4;6;6;6;8;9;9;9;1184;320;976;32;144;16;128
4;7;7;8;8;8;8;9;9;8928;8496;4464;576;996;84;6840
2;5;6;6;7;9;9;9;9;1040;608;1336;64;344;20;180
2;6;7;7;7;8;8;9;9;1260;1080;648;96;462;0;522
2;7;7;8;8;8;9;9;9;3762;3510;5130;300;996;744;1470
3;3;5;5;8;8;8;9;9;260;116;100;32;16;0;68
2;3;5;8;8;8;8;9;9;552;264;168;36;24;0;204
2;3;5;7;8;9;9;9;9;928;280;692;14;118;40;108
2;3;4;5;7;8;9;9;9;149;23;49;1;8;6;8
2;4;7;7;7;7;9;9;9;808;664;200;24;552;0;88
4;5;6;6;8;9;9;9;9;3788;2600;6148;8;1204;256;1132
2;5;8;8;8;8;8;9;9;2340;2124;1116;288;144;0;1692
3;5;7;9;9;9;9;9;9;6240;5376;20544;0;2712;840;1824
3;4;9;9;9;9;9;9;9;5040;5040;20880;0;2880;360;1800
3;5;6;7;7;8;9;9;9;2450;1694;2194;62;892;224;516
2;4;9;9;9;9;9;9;9;2640;2640;10320;0;1440;0;1200
4;4;4;5;8;8;9;9;9;444;228;420;12;72;72;72
4;4;8;9;9;9;9;9;9;6960;6528;25872;0;3552;672;2304
5;6;8;8;8;8;8;9;9;11796;11616;5664;960;744;138;9774
2;4;6;7;8;8;9;9;9;1246;814;1130;60;308;166;280
7;7;7;7;7;8;8;9;9;8640;8640;4320;0;3600;0;5040
4;5;7;8;8;8;8;9;9;5498;5066;2710;576;564;62;3864
2;3;4;9;9;9;9;9;9;2040;240;840;0;120;0;120
2;6;6;6;8;9;9;9;9;1712;1280;2608;124;656;104;396
4;4;6;7;7;8;9;9;9;2468;1712;2176;76;888;206;542
4;8;8;9;9;9;9;9;9;12240;12240;84960;0;5184;4848;2208
6;6;8;8;8;9;9;9;9;15840;15624;49176;0;3744;4968;6912
3;5;6;6;6;7;9;9;9;1236;156;492;12;76;8;60
2;5;6;7;7;7;8;9;9;504;342;144;14;284;0;44
3;3;6;7;7;9;9;9;9;1344;696;1248;56;352;24;264
3;5;6;6;8;9;9;9;9;2654;1790;4042;80;828;212;670
4;4;4;8;9;9;9;9;9;2880;1152;4032;0;576;0;576
3;3;4;6;6;9;9;9;9;420;60;156;12;24;0;24
3;3;4;8;9;9;9;9;9;3264;384;1344;0;192;0;192
2;4;6;6;8;8;8;9;9;588;372;276;84;64;4;220
3;4;7;7;7;7;9;9;9;1600;1312;416;44;1084;12;172
6;6;7;7;7;7;9;9;9;7680;6240;2400;0;5280;0;960
2;3;5;5;8;9;9;9;9;306;90;234;18;36;0;36
3;7;8;8;9;9;9;9;9;8598;8418;34782;186;3456;2532;2244
2;3;4;7;7;9;9;9;9;640;100;224;8;52;4;36
2;6;7;7;7;7;9;9;9;1584;1296;432;48;1104;0;144
3;7;7;9;9;9;9;9;9;8160;7872;35328;0;3840;1824;2208
4;7;7;7;7;9;9;9;9;7752;7104;12336;216;3504;432;2952
5;5;7;7;7;8;9;9;9;5760;4680;5688;36;2448;576;1620
5;5;5;7;9;9;9;9;9;5520;4224;11328;0;2088;312;1824
4;5;6;7;8;8;8;9;9;3236;2642;1732;302;482;41;1817
2;3;5;5;9;9;9;9;9;408;120;312;24;48;0;48
5;5;7;8;9;9;9;9;9;9920;9272;32200;0;3816;2140;3316
5;5;6;7;8;8;9;9;9;5952;4872;6792;108;1920;876;1968
3;7;7;7;7;7;8;9;9;1812;1668;492;36;1416;12;204
5;5;5;7;7;7;8;9;9;1332;900;396;36;720;12;132
4;4;7;7;8;8;9;9;9;4072;3208;4568;176;1024;712;1296
2;5;5;7;7;8;9;9;9;880;556;740;48;288;86;134
2;4;4;6;8;8;9;9;9;440;152;280;32;48;48;24
2;4;4;6;6;7;8;9;9;82;10;26;4;4;0;2
5;6;6;6;7;8;9;9;9;4548;2640;4272;6;1416;210;1008
2;4;6;6;7;7;8;9;9;276;132;84;8;104;0;20
2;4;4;6;8;8;8;9;9;256;112;104;32;16;0;64
3;3;6;6;8;9;9;9;9;1284;636;1308;56;280;64;236
3;3;6;7;8;9;9;9;9;1896;924;1992;52;368;146;358
2;4;5;8;8;8;8;9;9;798;546;318;112;58;2;374
3;5;5;6;8;9;9;9;9;1972;1108;2780;32;520;128;428
3;4;4;8;8;8;9;9;9;1840;688;1040;48;160;192;288
4;4;4;6;7;8;9;9;9;678;318;546;24;156;42;96
2;4;4;5;6;7;8;9;9;40;4;14;1;2;0;1
2;6;6;6;8;8;9;9;9;1552;1120;1472;80;568;160;312
3;3;4;5;7;8;8;9;9;164;20;52;4;4;0;12
2;4;7;7;7;8;8;9;9;664;520;344;48;216;0;256
3;6;6;7;7;8;9;9;9;3168;2304;2880;88;1264;248;704
2;3;4;7;8;8;9;9;9;664;124;200;8;32;36;48
3;5;5;5;7;9;9;9;9;744;312;984;24;144;24;120
2;4;5;6;8;9;9;9;9;896;356;940;46;176;32;102
4;5;7;7;8;8;9;9;9;5744;4880;6784;184;1688;1004;2004
2;4;5;7;9;9;9;9;9;1516;652;1940;72;348;40;192
3;6;8;8;8;8;9;9;9;7284;6780;10500;396;1512;1728;3144
4;5;5;7;9;9;9;9;9;4400;3104;8560;0;1536;232;1336
3;6;7;7;7;7;8;9;9;1566;1278;450;30;1074;12;162
3;3;9;9;9;9;9;9;9;2880;2880;10080;0;1440;0;1440
4;4;6;8;9;9;9;9;9;5120;3824;11728;0;1848;424;1552
2;4;6;6;6;8;8;9;9;210;66;150;24;16;0;26
4;4;5;6;6;7;9;9;9;824;104;328;8;48;4;44
5;5;7;7;8;8;8;9;9;5528;4880;2896;384;960;64;3472
4;7;7;7;9;9;9;9;9;10080;9432;29448;0;3816;2016;3600
2;4;5;7;8;8;9;9;9;964;532;764;61;186;120;165
2;4;4;8;8;8;8;9;9;552;264;168;66;24;0;174
2;3;7;8;8;9;9;9;9;1224;792;1800;36;252;168;336
2;4;5;6;6;8;8;9;9;151;43;101;17;10;0;16
3;3;4;8;8;8;9;9;9;1784;344;520;24;80;96;144
2;3;7;7;8;8;9;9;9;794;578;718;40;188;114;236
3;7;7;8;9;9;9;9;9;7836;7476;27084;132;3072;2040;2232
3;3;5;6;6;8;8;9;9;188;44;100;20;8;0;16
4;7;7;9;9;9;9;9;9;11280;11064;53736;0;4632;3408;3024
4;5;7;7;7;8;8;9;9;2884;2236;1652;96;880;40;1220
5;6;6;8;9;9;9;9;9;10320;9672;31800;0;4068;1976;3628
4;5;8;8;8;9;9;9;9;8496;7848;21312;108;2580;2136;3024
4;6;7;7;7;8;9;9;9;5730;4866;5502;104;2636;514;1612
2;5;5;5;7;9;9;9;9;384;168;480;24;96;0;48
5;8;9;9;9;9;9;9;9;12960;12960;142560;0;5076;6804;1080
3;4;5;5;9;9;9;9;9;1128;408;1320;24;192;24;168
2;4;5;7;7;7;8;9;9;246;156;60;10;126;1;19
3;3;6;6;7;8;8;9;9;402;222;210;30;84;2;106
2;5;8;8;8;9;9;9;9;3276;2628;7092;144;936;648;900
3;3;5;8;8;9;9;9;9;2448;720;1872;24;264;144;288
2;3;4;5;6;9;9;9;9;102;12;42;0;6;0;6
2;4;6;6;7;8;8;9;9;396;216;216;30;84;2;100
4;4;5;7;7;8;8;9;9;1064;632;664;48;232;12;340
5;5;5;5;9;9;9;9;9;2880;1152;4032;0;576;0;576
3;5;6;8;8;8;8;9;9;2918;2486;1402;360;258;32;1836
2;4;5;6;7;7;9;9;9;392;176;112;16;136;0;24
3;6;6;7;7;7;9;9;9;2640;1776;816;48;1464;24;240
3;8;8;8;9;9;9;9;9;9360;9360;42480;240;3840;3024;2256
2;5;7;7;8;8;8;9;9;1436;1220;724;144;264;0;812
2;3;8;8;8;8;9;9;9;1068;924;1236;72;180;216;456
3;3;4;7;9;9;9;9;9;2448;288;1008;0;144;0;144
2;3;6;8;8;9;9;9;9;1224;576;1368;24;192;120;240
2;3;4;7;7;7;8;9;9;130;40;14;2;32;0;6
6;6;6;8;8;8;8;9;9;9000;8568;4392;936;936;108;6588
3;4;8;8;8;8;8;9;9;3084;2904;1416;420;204;18;2262
3;4;5;8;8;8;9;9;9;2416;1408;2048;96;376;368;568
3;4;6;7;7;8;9;9;9;1754;1160;1432;58;604;145;353
3;3;4;5;8;9;9;9;9;612;72;252;0;36;0;36
3;3;5;9;9;9;9;9;9;3840;960;3360;0;480;0;480
3;5;8;8;8;8;8;9;9;4564;4348;2132;588;300;40;3420
2;6;6;6;6;9;9;9;9;756;324;972;36;180;0;108
3;7;7;8;8;8;8;9;9;6096;5520;3120;528;624;48;4320
5;7;7;7;8;8;8;9;9;8868;8436;4524;276;1788;72;6300
2;4;5;5;8;9;9;9;9;576;144;504;36;72;0;36
3;4;5;5;7;9;9;9;9;564;204;660;12;96;12;84
3;5;7;7;9;9;9;9;9;4980;4116;11436;112;1872;692;1440
5;5;5;5;8;8;8;9;9;1104;672;624;96;96;0;480
4;4;5;5;8;8;8;9;9;552;336;312;48;48;0;240
2;4;5;6;7;9;9;9;9;610;250;614;32;136;8;74
4;4;4;7;8;9;9;9;9;1764;792;2124;24;300;144;324
3;6;6;9;9;9;9;9;9;6480;5616;20304;0;2808;864;1944
2;5;5;6;6;9;9;9;9;384;168;480;24;96;0;48
4;6;7;7;8;9;9;9;9;7808;6944;16384;76;2700;1384;2784
5;7;7;7;9;9;9;9;9;12720;12288;39552;0;4680;2712;4896
2;4;6;6;8;8;9;9;9;960;528;768;40;240;104;144
2;7;7;7;7;9;9;9;9;2712;2496;3984;216;1368;72;840
4;5;9;9;9;9;9;9;9;9360;9360;48960;0;5184;1776;2400
4;4;5;6;6;8;9;9;9;784;208;656;16;96;8;88
7;7;8;8;8;8;9;9;9;23280;23280;41520;0;2880;5712;14688
4;4;6;9;9;9;9;9;9;5760;4464;14976;0;2328;384;1752
4;4;5;5;7;7;9;9;9;552;264;168;24;192;0;48
3;4;4;6;8;9;9;9;9;1200;336;960;8;136;48;144
2;4;4;9;9;9;9;9;9;1920;480;1680;120;240;0;120
6;6;6;7;7;7;8;9;9;3240;2160;1080;0;1800;0;360
3;5;6;6;6;8;8;9;9;618;186;462;54;38;4;90
3;3;7;7;8;8;8;9;9;1008;792;504;96;156;0;540
5;6;6;6;7;8;8;9;9;2724;1716;1740;84;624;24;984
3;3;4;7;7;9;9;9;9;1280;200;448;16;104;8;72
5;6;7;7;7;8;8;9;9;4908;4188;2724;60;1680;48;2400
4;5;5;5;6;7;9;9;9;612;72;252;0;36;0;36
5;5;5;7;7;9;9;9;9;3600;2304;5472;0;1152;96;1056
3;3;4;5;6;8;8;9;9;82;10;26;2;2;0;6
3;3;5;5;6;7;9;9;9;164;20;52;4;8;0;8
6;6;8;9;9;9;9;9;9;14880;14808;93192;0;4896;6120;3792
2;5;5;7;8;9;9;9;9;1414;874;2042;92;436;96;250
3;4;4;5;6;9;9;9;9;192;48;168;0;24;0;24
3;3;4;5;6;7;9;9;9;116;8;28;0;4;0;4
2;6;6;8;8;8;9;9;9;2568;2136;3048;168;768;456;744
4;7;7;7;7;7;8;9;9;2700;2484;756;36;2100;24;324
3;4;4;7;9;9;9;9;9;2304;576;2016;0;288;0;288
3;4;5;5;6;9;9;9;9;282;102;330;6;48;6;42
6;6;6;7;8;9;9;9;9;9720;8748;20412;0;3600;1326;3822
5;5;5;5;6;8;9;9;9;768;192;672;0;96;0;96
3;3;5;5;6;8;8;9;9;94;22;50;10;4;0;8
4;4;5;6;7;9;9;9;9;1376;728;1864;16;368;36;308
7;7;7;7;9;9;9;9;9;17280;17280;60480;0;5760;4032;7488
2;6;6;6;7;8;9;9;9;1202;698;1030;52;404;50;192
4;5;6;7;9;9;9;9;9;5800;4612;12884;0;2172;578;1862
6;6;6;6;7;7;8;9;9;2640;1200;960;0;960;0;240
3;3;7;8;8;8;8;9;9;1344;1056;672;144;96;0;816
3;3;6;8;8;8;9;9;9;1896;1032;1560;72;240;288;432
5;7;8;8;8;8;8;9;9;14604;14460;7140;732;948;120;12660
4;6;6;8;8;8;8;9;9;5516;5084;2692;656;548;76;3804
3;3;4;7;8;8;8;9;9;708;168;156;24;24;0;120
2;6;6;7;8;8;8;9;9;1434;1218;726;192;258;8;760
2;4;4;5;7;7;8;9;9;58;22;14;4;16;0;2
3;6;6;7;7;9;9;9;9;3536;2672;5104;128;1352;184;1008
3;3;5;6;8;8;9;9;9;936;360;504;24;144;76;116
2;4;4;8;9;9;9;9;9;1536;384;1344;96;192;0;96
3;3;5;6;6;8;9;9;9;368;80;208;16;32;0;32
4;5;6;7;7;8;9;9;9;3538;2512;3320;50;1308;317;837
3;5;6;6;7;8;9;9;9;1813;1003;1589;43;522;122;316
6;6;7;8;8;8;9;9;9;14280;13704;20856;0;3936;2724;7044
5;6;6;7;7;8;9;9;9;6024;4512;5856;12;2448;412;1640
4;4;4;5;8;9;9;9;9;540;216;756;0;108;0;108
3;6;7;7;8;8;8;9;9;3710;3278;1906;312;682;36;2248
2;3;5;5;6;9;9;9;9;102;30;78;6;12;0;12
4;4;4;6;6;8;9;9;9;408;120;312;24;48;0;48
4;5;6;6;7;8;9;9;9;2650;1462;2426;22;760;164;516
4;4;4;5;7;9;9;9;9;360;144;504;0;72;0;72
3;3;7;7;9;9;9;9;9;2328;1464;3720;72;648;168;576
3;3;4;5;7;7;8;9;9;94;22;14;2;16;0;4
4;4;7;7;7;8;9;9;9;3092;2444;2740;120;1264;296;764
2;5;6;6;8;8;8;9;9;792;576;396;138;104;6;328
2;4;4;8;8;8;9;9;9;920;344;520;72;80;96;96
2;3;7;7;7;7;8;9;9;204;168;48;6;138;0;24
3;3;4;6;7;9;9;9;9;844;124;308;8;64;4;48
4;4;7;8;8;9;9;9;9;5396;4532;11020;152;1656;960;1764
2;4;6;7;7;8;9;9;9;916;592;704;40;322;60;170
3;8;8;8;8;9;9;9;9;9600;9600;29280;480;2640;3072;3408
4;5;5;5;8;9;9;9;9;1620;648;2268;0;324;0;324
4;5;6;6;7;7;8;9;9;1202;554;418;14;432;10;98
4;5;6;7;7;8;8;9;9;2230;1582;1334;78;606;30;868
2;6;6;6;8;8;8;9;9;996;780;516;192;144;8;436
3;4;8;8;8;8;9;9;9;3956;3596;5044;288;764;876;1668
3;3;7;7;7;8;9;9;9;1160;872;856;52;452;88;280
2;4;5;6;6;8;9;9;9;292;76;212;12;40;0;24
5;7;8;9;9;9;9;9;9;14120;14048;93952;0;4644;6344;3060
3;3;5;6;6;7;8;9;9;164;20;52;4;8;0;8
2;3;4;6;6;8;9;9;9;164;20;52;4;8;0;8
4;4;5;5;7;9;9;9;9;720;288;1008;0;144;0;144
5;7;7;8;9;9;9;9;9;13760;13472;55648;0;4356;4508;4608
3;3;4;5;7;8;9;9;9;298;46;98;2;16;12;16
2;6;7;7;7;8;9;9;9;2022;1662;1794;108;972;138;444
2;5;9;9;9;9;9;9;9;3600;3600;15840;0;2160;0;1440
5;7;7;7;8;8;9;9;9;11460;10920;15000;138;3888;1926;4968
2;5;7;8;8;8;8;9;9;1888;1672;920;216;204;0;1252
4;4;5;7;7;7;9;9;9;1352;920;376;40;736;12;132
3;3;4;6;8;8;8;9;9;472;112;104;16;16;0;80
4;4;5;6;8;8;9;9;9;1636;988;1604;28;392;240;328
2;3;6;9;9;9;9;9;9;1800;720;2520;0;360;0;360
4;4;4;7;9;9;9;9;9;2160;864;3024;0;432;0;432
6;7;8;8;9;9;9;9;9;17040;16968;91032;0;3600;7644;5724
4;4;6;6;8;9;9;9;9;2776;1696;4136;16;752;216;712
4;5;7;9;9;9;9;9;9;8480;7832;31048;0;3768;1544;2520
4;4;4;5;6;7;9;9;9;204;24;84;0;12;0;12
3;6;6;8;8;9;9;9;9;5360;4496;11056;112;1656;1072;1656
3;6;6;6;6;8;9;9;9;1568;416;1312;32;208;16;160
2;5;5;6;7;7;9;9;9;548;260;172;20;204;2;34
3;3;5;6;8;8;8;9;9;534;246;186;50;40;2;154
2;6;8;9;9;9;9;9;9;4188;4044;17556;72;2328;432;1212
4;5;5;5;6;9;9;9;9;540;216;756;0;108;0;108
3;3;7;9;9;9;9;9;9;3360;1920;6720;0;960;0;960
3;4;5;5;8;8;9;9;9;674;314;550;28;96;106;84
2;5;5;6;9;9;9;9;9;1278;738;1854;84;420;24;210
2;3;8;9;9;9;9;9;9;1560;1200;4200;0;600;0;600
2;5;5;6;7;9;9;9;9;712;388;908;44;220;12;112
3;5;5;7;8;8;9;9;9;2362;1606;2282;90;556;372;588
3;3;4;6;7;7;8;9;9;188;44;28;4;32;0;8
2;7;8;8;8;8;9;9;9;4464;4176;6624;384;864;1008;1920
3;4;5;7;8;8;9;9;9;1861;1051;1541;61;342;258;390
4;7;7;7;8;8;9;9;9;8796;8148;11292;216;2784;1620;3528
5;6;6;7;7;9;9;9;9;6480;5184;10368;0;2592;224;2368
2;5;5;6;8;8;8;9;9;536;374;274;89;66;4;215
7;7;7;8;9;9;9;9;9;18000;18000;85680;0;4320;6840;6840
4;6;6;7;7;8;8;9;9;2884;2236;1652;96;880;36;1224
2;5;6;7;8;8;9;9;9;1674;1242;1674;92;518;222;410
2;3;6;6;6;8;8;9;9;106;34;74;12;8;0;14
2;5;5;6;7;7;8;9;9;274;130;86;10;102;1;17
2;5;6;7;8;8;8;9;9;1114;898;560;141;184;5;568
5;5;7;8;8;8;9;9;9;9072;8424;12312;348;2256;1880;3940
3;4;5;6;7;9;9;9;9;1106;494;1234;22;248;34;190
6;8;9;9;9;9;9;9;9;13200;13200;181200;0;3312;8688;1200
5;5;5;5;7;7;9;9;9;1104;528;336;48;384;0;96
4;4;4;6;8;8;9;9;9;888;456;840;24;144;144;144
2;4;4;5;8;8;9;9;9;220;76;140;16;24;24;12
3;7;7;7;9;9;9;9;9;7032;6600;19320;264;2880;1320;2136
2;5;5;7;9;9;9;9;9;1728;1080;2808;120;576;80;304
3;7;7;7;7;8;8;9;9;3048;2760;1560;168;1152;24;1416
2;4;4;7;7;9;9;9;9;632;200;448;52;104;8;36
2;3;7;7;7;9;9;9;9;712;496;800;40;248;16;192
5;6;6;7;8;8;9;9;9;7716;6528;9024;54;2688;1058;2728
3;3;4;5;8;8;9;9;9;436;76;140;4;24;24;24
4;6;6;9;9;9;9;9;9;8880;8232;30648;0;3960;1464;2808
4;5;5;6;6;8;8;9;9;614;182;466;42;36;2;102
5;6;7;8;8;8;9;9;9;11676;11064;16584;174;3096;2378;5416
4;6;6;6;6;7;8;9;9;1230;150;498;6;72;6;66
3;5;5;5;9;9;9;9;9;1488;624;1968;48;288;48;240
2;3;5;6;6;7;8;9;9;82;10;26;2;4;0;4
3;7;8;8;8;9;9;9;9;8556;8340;24060;372;2472;2520;2976
2;5;7;7;7;9;9;9;9;1968;1320;2568;120;744;48;408
3;4;7;7;7;7;8;9;9;800;656;208;22;542;6;86
3;3;6;7;7;7;8;9;9;348;240;84;12;192;0;36
3;5;7;7;8;8;8;9;9;2842;2410;1478;256;480;30;1644
4;6;7;8;8;8;8;9;9;7222;6790;3578;616;772;86;5316
2;4;8;8;8;8;8;9;9;1572;1428;732;192;96;0;1140
3;6;6;7;8;9;9;9;9;4448;3584;8080;120;1504;656;1304
2;4;7;7;7;7;8;9;9;404;332;100;12;276;0;44
5;5;5;6;8;8;9;9;9;3132;2052;3132;36;888;408;720
4;4;7;8;8;8;8;9;9;3756;3324;1860;456;360;24;2484
2;4;6;6;6;9;9;9;9;396;180;468;24;96;0;60
4;4;6;6;7;9;9;9;9;2032;1168;2720;32;592;72;472
5;5;5;5;7;8;9;9;9;1272;552;1176;24;192;144;192
4;6;6;8;8;9;9;9;9;7548;6684;16644;76;2484;1476;2648
3;3;7;7;7;7;8;9;9;408;336;96;12;276;0;48
4;6;8;8;8;8;8;9;9;8924;8708;4252;888;576;104;7140
3;4;5;6;8;9;9;9;9;1586;722;1870;20;328;88;286
2;3;6;7;7;8;8;9;9;296;188;136;18;76;0;94
7;8;9;9;9;9;9;9;9;12240;12240;221040;0;1440;9480;1320
4;4;4;6;6;9;9;9;9;396;180;468;36;72;0;72
5;6;8;8;8;8;9;9;9;13764;13404;21156;252;2904;3240;7008
3;4;5;9;9;9;9;9;9;4320;2016;6624;0;1056;96;864
3;5;7;7;7;8;8;9;9;1940;1508;1084;96;604;24;784
4;4;5;6;9;9;9;9;9;2400;1320;3864;0;672;48;600
3;3;5;5;7;8;9;9;9;322;106;182;20;32;24;30
4;5;7;7;7;8;9;9;9;4426;3562;4214;78;1856;468;1160
4;4;4;6;8;8;8;9;9;552;336;312;48;48;0;240
4;4;4;5;9;9;9;9;9;720;288;1008;0;144;0;144
6;9;9;9;9;9;9;9;9;10800;10800;216000;0;3600;7200;0
3;3;7;8;8;9;9;9;9;2448;1584;3600;72;504;336;672
3;4;5;6;7;7;8;9;9;388;172;116;10;130;3;29
4;5;5;8;8;8;9;9;9;4088;3224;4552;216;944;740;1324
3;4;5;5;7;7;9;9;9;394;178;110;20;128;2;28
3;3;6;6;6;9;9;9;9;408;192;456;24;96;0;72
3;3;5;7;7;7;9;9;9;608;320;112;16;256;0;48
5;5;5;6;7;7;9;9;9;2148;996;732;36;768;12;180
4;4;6;6;7;8;9;9;9;1844;980;1612;32;512;116;320
3;7;7;7;8;8;9;9;9;5992;5560;7400;288;2000;1064;2208
4;6;6;7;8;9;9;9;9;6340;5260;12236;44;2172;896;2148
3;6;6;7;7;7;8;9;9;1320;888;408;24;732;12;120
6;8;8;9;9;9;9;9;9;15600;15600;146400;0;3024;9312;3264
3;5;5;5;6;8;8;9;9;206;62;154;18;12;2;30
5;5;5;9;9;9;9;9;9;7200;6336;19584;0;3456;288;2592
3;4;6;6;8;8;8;9;9;1066;742;554;130;120;14;478
2;6;7;8;9;9;9;9;9;3636;3276;10548;172;1580;608;916
4;4;5;5;7;8;9;9;9;636;276;588;12;96;72;96
4;4;6;7;7;8;8;9;9;1508;1076;868;84;420;14;558
3;5;8;8;8;9;9;9;9;5988;5340;14100;156;1812;1440;1932
2;3;4;7;8;8;8;9;9;354;84;78;12;12;0;60
4;4;5;6;8;8;8;9;9;1044;720;576;112;112;8;488
4;4;4;5;6;9;9;9;9;180;72;252;0;36;0;36
4;4;8;8;8;8;9;9;9;5776;5344;7616;432;1168;1248;2496
4;5;6;7;8;8;9;9;9;4590;3618;5130;106;1376;720;1416
6;6;6;7;8;8;9;9;9;9480;8184;11256;0;3456;1188;3540
4;4;4;7;7;8;9;9;9;1002;570;726;36;276;84;174
2;4;4;6;7;7;8;9;9;116;44;28;8;32;0;4
2;4;6;8;8;8;8;9;9;1042;826;470;138;90;4;594
4;4;5;9;9;9;9;9;9;4800;3072;9888;0;1632;144;1296
3;3;5;8;8;8;8;9;9;1104;528;336;72;48;0;408
3;4;6;9;9;9;9;9;9;4680;2952;10008;0;1524;240;1188
4;5;7;8;8;8;9;9;9;6998;6350;9202;326;1676;1482;2866
4;6;7;7;7;7;8;9;9;2332;1900;692;28;1592;20;260
3;4;6;6;7;7;9;9;9;1088;512;352;24;392;12;84
5;6;7;8;8;8;8;9;9;9500;9140;4684;660;1056;108;7316
4;4;5;8;8;9;9;9;9;3504;2208;5568;24;912;372;900
2;4;4;6;6;8;8;9;9;94;22;50;14;4;0;4
2;6;7;7;7;9;9;9;9;2340;1908;3276;168;1056;60;624
5;8;8;8;8;9;9;9;9;17280;17280;60480;0;3024;6480;7776
2;5;5;5;6;7;8;9;9;104;14;40;2;8;0;4
2;3;5;6;7;7;9;9;9;234;90;54;6;68;0;16
3;4;4;5;7;8;8;9;9;184;40;104;8;8;0;24
3;5;6;6;6;8;9;9;9;1176;312;984;24;152;16;120
3;5;5;6;9;9;9;9;9;2496;1416;3768;36;720;108;552
7;7;7;7;7;8;9;9;9;12840;12840;13080;0;7200;960;4680
4;4;4;5;6;8;9;9;9;192;48;168;0;24;0;24
3;3;5;7;7;8;9;9;9;956;380;484;24;184;56;116
5;5;6;6;6;7;9;9;9;2448;288;1008;0;144;0;144
3;4;7;7;8;8;9;9;9;2830;2182;3002;128;700;498;856
2;3;6;6;6;7;8;9;9;106;16;38;2;8;0;6
2;3;9;9;9;9;9;9;9;1440;1440;5040;0;720;0;720
7;7;8;9;9;9;9;9;9;16560;16560;145440;0;2880;9504;4176
4;8;8;8;8;8;9;9;9;14544;14544;24336;720;1800;3960;8064
2;3;4;6;7;9;9;9;9;422;62;154;4;32;2;24
4;5;6;6;9;9;9;9;9;4560;3264;8400;0;1680;156;1428
2;6;6;8;9;9;9;9;9;3076;2644;7724;200;1348;392;704
2;5;6;6;6;8;8;9;9;312;96;228;36;24;0;36
2;3;6;6;6;9;9;9;9;204;96;228;12;48;0;36
3;3;4;6;7;7;9;9;9;376;88;56;8;64;0;16
2;3;4;6;8;9;9;9;9;624;84;240;2;34;12;36
3;5;5;7;8;9;9;9;9;2768;1688;4144;28;752;252;656
2;7;7;7;7;7;8;9;9;912;840;240;24;720;0;96
3;3;6;7;9;9;9;9;9;2368;1072;2816;48;480;112;432
7;7;7;7;8;8;9;9;9;16320;16320;22560;0;5760;2592;7968
4;4;7;7;7;7;9;9;9;2384;1952;640;64;1616;16;256
3;6;6;6;9;9;9;9;9;3960;3096;7272;168;1584;216;1128
6;6;6;7;7;8;9;9;9;7440;5712;7248;0;3168;420;2124
4;6;6;6;7;7;8;9;9;1596;732;564;12;576;12;132
8;8;8;9;9;9;9;9;9;15120;15120;211680;0;0;10800;4320
4;4;4;5;7;7;8;9;9;138;66;42;6;48;0;12
8;9;9;9;9;9;9;9;9;5040;5040;312480;0;0;5040;0
3;3;5;5;6;9;9;9;9;204;60;156;12;24;0;24
3;4;4;5;7;7;8;9;9;116;44;28;4;32;0;8
4;6;6;6;6;7;9;9;9;2460;300;996;12;144;12;132
5;8;8;8;8;8;8;9;9;17472;17472;8448;960;528;144;15840
4;4;6;7;8;8;8;9;9;2232;1692;1224;220;292;20;1160
6;6;6;6;8;9;9;9;9;7440;6144;13296;0;2880;480;2784
2;7;7;7;7;7;9;9;9;1824;1680;480;48;1440;0;192
4;4;4;6;6;7;8;9;9;210;30;78;6;12;0;12
5;6;6;7;7;7;9;9;9;5208;3480;1704;24;2880;24;552
3;3;5;8;9;9;9;9;9;3144;840;2616;12;372;72;384
5;6;7;7;7;7;9;9;9;6180;5028;1884;36;4224;36;732
5;5;7;8;8;9;9;9;9;9360;8496;22608;0;3024;1960;3512
2;4;6;7;7;9;9;9;9;1102;670;1274;60;360;24;226
3;5;9;9;9;9;9;9;9;6720;6720;32160;0;3888;912;1920
3;7;7;7;7;7;9;9;9;3624;3336;984;72;2832;24;408
3;4;5;6;6;7;9;9;9;576;72;216;8;32;4;28
2;3;6;6;7;7;9;9;9;280;136;80;8;104;0;24
3;4;6;6;7;8;9;9;9;1286;674;1054;30;352;86;206
7;7;9;9;9;9;9;9;9;14400;14400;180000;0;2880;9120;2400
6;6;6;7;7;9;9;9;9;7920;6624;12816;0;3312;264;3048
3;3;4;6;6;8;9;9;9;328;40;104;8;16;0;16
3;5;5;7;7;7;8;9;9;676;460;188;20;368;8;64
2;6;7;7;8;8;8;9;9;1872;1656;936;192;372;0;1092
4;6;6;7;7;8;9;9;9;4614;3426;4350;64;1852;352;1158
5;7;7;7;7;7;8;9;9;3576;3288;1032;24;2784;24;456
6;6;7;7;8;9;9;9;9;12000;11352;27528;0;4320;2064;4968
3;5;5;6;6;8;8;9;9;412;124;308;36;24;4;60
4;4;4;5;6;8;8;9;9;102;30;78;6;6;0;18
6;6;6;6;6;8;9;9;9;3840;960;3360;0;480;0;480
2;5;7;7;7;8;8;9;9;984;768;528;72;324;0;372
5;6;8;9;9;9;9;9;9;13080;12936;73464;0;5004;4728;3204
3;5;5;8;8;8;9;9;9;2992;2128;3056;144;592;544;848
4;5;8;8;9;9;9;9;9;8880;8232;30648;0;3480;1980;2772
5;6;6;6;9;9;9;9;9;7200;6120;14616;0;3168;252;2700
5;5;9;9;9;9;9;9;9;11520;11520;66240;0;6048;2592;2880
4;4;8;8;8;8;8;9;9;4584;4368;2112;648;312;24;3384
2;4;6;6;6;8;9;9;9;408;120;312;16;64;0;40
5;7;7;8;8;8;8;9;9;11736;11448;5832;504;1368;96;9480
5;5;6;8;8;8;8;9;9;5528;5096;2680;696;552;68;3780
4;4;7;7;7;7;8;9;9;1192;976;320;32;808;8;128
3;5;5;7;7;8;9;9;9;1732;1084;1508;36;520;200;328
2;3;5;7;7;8;9;9;9;478;190;242;12;92;28;58
3;4;5;5;7;8;8;9;9;298;82;206;22;16;2;42
5;5;7;7;7;8;8;9;9;3816;2952;2232;72;1152;48;1680
4;6;9;9;9;9;9;9;9;10800;10800;66960;0;5544;3096;2160
2;4;4;5;7;9;9;9;9;192;48;168;12;24;0;12
3;5;5;6;7;9;9;9;9;1388;740;1852;28;368;60;284
5;5;7;7;8;8;9;9;9;7416;6552;9000;192;2352;1232;2776
6;6;7;8;9;9;9;9;9;14160;13872;55248;0;4608;4308;4956
2;4;5;5;7;8;8;9;9;184;40;104;20;8;0;12
2;3;7;7;7;8;8;9;9;336;264;168;24;108;0;132
4;6;6;6;7;9;9;9;9;3684;2388;5388;24;1200;132;1032
2;5;6;8;8;8;9;9;9;2052;1620;2268;124;552;352;592
5;7;7;7;8;9;9;9;9;11880;11232;27648;0;4212;2160;4860
2;4;4;6;6;7;9;9;9;164;20;52;8;8;0;4
2;5;6;6;6;7;8;9;9;312;42;120;6;24;0;12
7;7;7;9;9;9;9;9;9;17280;17280;112320;0;4320;7488;5472
2;3;4;8;8;9;9;9;9;1260;180;468;6;66;36;72
5;6;7;7;7;8;9;9;9;7500;6384;7440;18;3480;606;2280
3;5;8;8;8;8;9;9;9;5672;5240;7720;372;1124;1332;2412
8;8;8;8;8;9;9;9;9;25200;25200;110880;0;0;10800;14400
2;3;5;6;6;8;8;9;9;94;22;50;10;4;0;8
3;6;6;7;9;9;9;9;9;5080;4216;11336;112;1944;680;1480
3;4;4;7;7;9;9;9;9;1264;400;896;32;208;16;144
4;4;7;9;9;9;9;9;9;6480;5616;20304;0;2928;600;2088
3;3;5;7;8;8;8;9;9;808;376;272;48;68;0;260
3;4;5;5;8;8;8;9;9;406;226;206;40;32;2;152
3;3;4;8;8;8;8;9;9;984;264;168;36;24;0;204
6;6;7;7;9;9;9;9;9;12960;12528;39312;0;4896;2544;5088
2;4;4;7;7;7;8;9;9;152;80;28;8;64;0;8
3;4;4;7;7;7;8;9;9;304;160;56;8;128;0;24
2;6;6;7;9;9;9;9;9;2628;2196;5580;184;1148;252;612
5;5;7;7;7;9;9;9;9;6480;5184;10368;0;2592;240;2352
2;5;5;7;7;7;9;9;9;680;464;184;32;376;4;52
3;4;4;5;6;8;8;9;9;92;20;52;4;4;0;12
2;4;4;5;7;8;9;9;9;154;46;98;10;16;12;8
2;4;7;7;8;8;9;9;9;1532;1100;1492;80;376;228;416
3;3;5;7;7;7;8;9;9;304;160;56;8;128;0;24
6;8;8;8;8;8;8;9;9;21720;21720;10680;600;600;120;20400
4;4;6;6;8;8;9;9;9;2384;1520;2368;32;640;336;512
2;3;6;8;8;8;8;9;9;612;396;252;54;36;0;306
4;4;6;8;8;8;8;9;9;2924;2492;1396;380;260;24;1828
3;4;5;6;9;9;9;9;9;2016;900;2556;18;456;54;372
5;7;9;9;9;9;9;9;9;13440;13440;116160;0;5256;6264;1920
2;5;6;6;7;8;9;9;9;948;516;780;42;290;46;138
2;6;8;8;8;9;9;9;9;3924;3492;9468;216;1224;864;1188
4;5;5;6;6;7;8;9;9;614;74;250;2;36;2;34
4;4;4;6;6;7;9;9;9;420;60;156;12;24;0;24
3;3;5;5;8;8;9;9;9;460;172;260;32;48;48;44
3;3;6;6;6;8;9;9;9;416;128;304;16;64;0;48
3;5;7;7;7;9;9;9;9;3536;2672;5104;128;1352;184;1008
2;5;6;6;7;7;8;9;9;408;192;132;10;154;0;28
2;3;4;7;7;8;9;9;9;455;95;121;6;46;14;29
4;7;8;9;9;9;9;9;9;11760;11652;69348;0;4908;4242;2502
2;4;4;8;8;9;9;9;9;1224;360;936;84;132;72;72
2;4;6;7;7;7;8;9;9;340;232;92;10;190;0;32
2;3;5;8;8;8;9;9;9;920;344;520;24;80;96;144
3;3;4;7;7;7;9;9;9;520;160;56;8;128;0;24
3;4;5;5;6;8;8;9;9;149;41;103;11;8;1;21
4;4;7;7;8;9;9;9;9;4600;3520;8144;88;1392;648;1392
3;3;5;6;7;8;9;9;9;662;230;346;20;108;28;74
2;3;5;5;8;8;8;9;9;130;58;50;16;8;0;34
2;4;7;7;7;8;9;9;9;1128;840;888;52;452;88;248
3;3;4;7;8;9;9;9;9;1884;264;708;8;100;48;108
5;5;5;7;8;8;8;9;9;2940;2292;1596;324;396;24;1548
2;3;5;5;6;8;8;9;9;47;11;25;5;2;0;4
2;4;5;5;6;7;9;9;9;160;16;56;4;8;0;4
3;3;5;7;8;9;9;9;9;1856;560;1384;28;236;80;216
4;4;4;5;8;8;8;9;9;276;168;156;24;24;0;120
3;3;7;7;7;9;9;9;9;1424;992;1600;80;496;32;384
2;5;5;6;6;8;9;9;9;400;112;320;16;64;0;32
2;5;6;7;7;7;9;9;9;1008;684;288;28;568;0;88
4;5;8;8;8;8;9;9;9;8252;7820;11620;468;1664;1956;3732
3;4;7;7;9;9;9;9;9;3804;2724;7644;36;1260;396;1032
2;4;4;6;7;8;9;9;9;322;106;182;24;52;14;16
2;4;4;6;8;9;9;9;9;600;168;480;40;68;24;36
2;5;5;5;8;8;9;9;9;464;248;400;36;92;72;48
5;7;7;7;7;8;9;9;9;8976;8256;9024;24;4512;792;2928
5;5;5;7;7;7;9;9;9;2664;1800;792;72;1440;24;264
2;3;5;6;7;9;9;9;9;418;130;302;14;64;4;48
2;6;6;6;7;7;8;9;9;540;252;180;12;204;0;36
3;4;5;7;7;7;9;9;9;980;620;244;28;496;8;88
4;4;6;6;7;7;9;9;9;1616;752;544;32;576;16;128
2;3;5;6;9;9;9;9;9;816;240;624;18;120;6;96
3;4;4;6;6;8;8;9;9;188;44;100;20;8;0;16
3;3;8;8;9;9;9;9;9;2784;2208;6432;48;912;288;960
2;6;6;7;7;8;9;9;9;1612;1180;1412;80;688;96;316
4;6;7;8;9;9;9;9;9;9640;8992;32480;0;3588;2356;3048
3;4;5;7;7;7;8;9;9;490;310;122;14;248;4;44
5;5;5;5;6;9;9;9;9;720;288;1008;0;144;0;144
2;3;4;7;7;7;9;9;9;260;80;28;4;64;0;12
2;3;6;7;7;8;9;9;9;520;304;344;20;160;30;94
6;8;8;8;8;9;9;9;9;20400;20400;76800;0;2448;7968;9984
2;3;7;7;7;8;9;9;9;580;436;428;26;226;44;140
2;4;5;6;7;8;9;9;9;506;218;358;24;112;28;54
2;3;4;5;6;8;8;9;9;41;5;13;1;1;0;3
4;6;6;6;6;8;9;9;9;2328;600;1992;24;288;24;264
5;5;5;6;6;8;8;9;9;816;240;624;48;48;0;144
2;6;6;7;7;7;8;9;9;666;450;198;18;378;0;54
3;3;4;5;7;7;9;9;9;188;44;28;4;32;0;8
2;4;4;6;9;9;9;9;9;768;192;672;48;96;0;48
2;3;5;6;8;8;8;9;9;267;123;93;25;20;1;77
2;6;6;8;8;9;9;9;9;2768;2336;5440;184;1004;448;700
2;5;5;5;6;8;9;9;9;200;56;160;8;32;0;16
6;6;6;7;7;8;8;9;9;4680;3816;2664;72;1512;36;2196
2;6;6;6;6;7;9;9;9;828;108;324;12;60;0;36
3;3;5;7;9;9;9;9;9;2408;680;1912;24;312;56;288
3;4;6;7;8;9;9;9;9;2792;1766;4066;52;720;323;671
2;7;8;9;9;9;9;9;9;4704;4632;22368;96;2904;576;1056
3;3;6;6;7;7;9;9;9;560;272;160;16;208;0;48
4;5;7;7;7;7;8;9;9;1766;1442;502;34;1196;20;192
4;5;5;6;7;8;9;9;9;1802;938;1654;20;452;138;328
5;6;6;7;9;9;9;9;9;9040;8176;22928;0;3672;1200;3304
3;4;6;8;8;8;8;9;9;2074;1642;950;244;166;16;1216
2;3;6;6;7;8;8;9;9;201;111;105;15;42;1;53
6;6;6;7;8;8;8;9;9;6840;6192;3528;504;1224;72;4392
2;5;5;5;7;7;9;9;9;280;136;80;20;100;0;16
2;3;8;8;9;9;9;9;9;1392;1104;3216;24;456;144;480
7;8;8;8;9;9;9;9;9;19440;19440;136080;0;1440;10584;7416
4;4;5;6;7;8;8;9;9;736;376;488;36;128;6;206
4;6;6;7;8;8;8;9;9;4236;3588;2244;364;676;56;2492
3;3;4;6;6;7;8;9;9;118;10;26;2;4;0;4
5;5;5;6;9;9;9;9;9;4320;2808;7560;0;1440;108;1260
2;3;5;8;8;9;9;9;9;1224;360;936;12;132;72;144
3;3;6;6;7;8;9;9;9;728;368;496;28;192;32;116
5;8;8;9;9;9;9;9;9;14400;14400;115200;0;4392;7272;2736
4;4;4;5;7;7;9;9;9;276;132;84;12;96;0;24
6;6;8;8;8;8;8;9;9;14640;14496;7104;912;912;144;12528
4;5;8;9;9;9;9;9;9;9120;8796;39804;0;4332;1914;2550
3;6;7;9;9;9;9;9;9;7320;6744;27816;0;3324;1344;2076
2;5;6;9;9;9;9;9;9;2916;2268;7452;144;1248;192;684
3;3;4;8;8;9;9;9;9;2520;360;936;12;132;72;144
4;5;5;7;8;8;9;9;9;3256;2392;3440;124;832;514;922
3;4;4;5;8;8;8;9;9;256;112;104;16;16;0;80
3;3;7;8;9;9;9;9;9;2904;1752;5160;36;732;216;768
6;6;6;6;6;7;9;9;9;4080;480;1680;0;240;0;240
4;5;5;6;6;9;9;9;9;1092;444;1500;12;216;12;204
3;5;6;8;8;9;9;9;9;4432;3352;8312;68;1284;740;1260
2;3;5;5;7;7;8;9;9;59;23;13;4;16;0;3
2;7;8;8;8;8;8;9;9;3840;3480;1920;480;240;0;2760
3;6;7;7;7;7;9;9;9;3132;2556;900;60;2148;24;324
2;3;4;6;6;7;9;9;9;118;10;26;2;4;0;4
2;3;5;7;8;8;8;9;9;404;188;136;24;34;0;130
3;8;8;8;8;8;9;9;9;9936;9936;15984;720;1536;2544;5136
4;4;5;6;6;8;8;9;9;412;124;308;36;24;2;62
2;6;8;8;8;8;9;9;9;3840;3264;5376;288;720;864;1392
2;3;6;7;8;8;9;9;9;734;410;562;28;140;88;154
2;3;4;5;6;7;8;9;9;29;2;7;0;1;0;1
5;5;6;7;8;8;8;9;9;4240;3592;2240;384;672;52;2484
4;4;5;5;9;9;9;9;9;1440;576;2016;0;288;0;288
3;4;6;6;8;9;9;9;9;2030;1166;2722;36;516;174;440
2;5;7;7;8;9;9;9;9;2404;1756;4076;128;808;276;544
2;3;5;5;7;9;9;9;9;204;60;156;12;24;0;24
2;4;5;6;8;8;9;9;9;700;340;524;36;144;76;84
6;7;8;9;9;9;9;9;9;15720;15684;119316;0;3888;8178;3618
2;4;5;5;8;8;8;9;9;256;112;104;32;16;0;64
5;5;5;6;8;8;8;9;9;2028;1488;1104;240;240;18;990
3;3;6;8;8;9;9;9;9;2448;1152;2736;48;384;240;480
2;5;6;6;8;8;9;9;9;1256;824;1120;60;404;132;228
2;6;6;8;8;8;8;9;9;1890;1674;918;306;198;12;1158
2;3;4;7;9;9;9;9;9;1224;144;504;0;72;0;72
2;3;4;5;7;7;9;9;9;94;22;14;2;16;0;4
5;5;6;6;6;7;8;9;9;1224;144;504;0;72;0;72
3;4;6;8;8;9;9;9;9;3474;2286;5490;68;852;484;882
3;5;6;6;7;7;9;9;9;1616;752;544;28;588;14;122
7;7;8;8;8;8;8;9;9;21600;21600;10800;0;1440;0;20160
5;6;6;6;7;9;9;9;9;4680;3168;7200;0;1584;120;1464
2;6;6;6;6;7;8;9;9;414;54;162;6;30;0;18
4;4;4;5;7;8;9;9;9;318;138;294;6;48;36;48
4;4;4;6;7;7;8;9;9;276;132;84;12;96;0;24
3;7;8;8;8;8;8;9;9;7464;7176;3624;744;504;48;5880
3;4;5;7;9;9;9;9;9;2844;1332;3852;12;648;116;556
4;4;5;7;7;8;9;9;9;1732;1084;1508;36;520;186;342
3;3;6;6;9;9;9;9;9;1632;768;1824;72;384;24;288
2;5;5;5;7;8;9;9;9;332;152;280;22;62;36;32
3;4;6;6;7;8;8;9;9;733;427;437;39;158;10;220
3;4;7;7;7;8;9;9;9;2126;1658;1798;86;858;208;506
4;4;7;7;9;9;9;9;9;5280;3984;11568;0;1872;480;1632
2;4;4;5;8;9;9;9;9;288;72;252;18;36;0;18
3;3;6;6;7;9;9;9;9;876;444;852;40;224;16;164
4;8;8;8;8;8;8;9;9;13176;13176;6264;1080;468;108;11520
2;4;5;8;8;8;9;9;9;1218;714;1014;86;208;174;246
3;3;6;7;7;8;9;9;9;1040;608;688;40;320;60;188
3;4;4;7;8;8;9;9;9;1360;496;800;32;128;144;192
2;3;4;6;7;7;9;9;9;188;44;28;4;32;0;8
2;3;5;5;6;7;8;9;9;41;5;13;1;2;0;2
6;6;6;7;7;7;9;9;9;6480;4320;2160;0;3600;0;720
4;5;6;6;6;8;8;9;9;922;274;698;66;54;4;150
3;6;8;8;9;9;9;9;9;7576;7216;27344;132;3036;1936;2112
4;5;5;5;6;8;8;9;9;306;90;234;18;18;0;54
3;5;8;8;9;9;9;9;9;6294;5754;20166;78;2520;1296;1860
2;5;6;6;7;7;9;9;9;816;384;264;20;308;0;56
2;5;7;7;7;7;8;9;9;600;492;156;18;414;0;60
2;3;7;7;8;8;8;9;9;504;396;252;48;78;0;270
4;4;4;7;7;7;8;9;9;348;240;84;12;192;0;36
2;3;4;7;7;8;8;9;9;236;56;52;6;22;0;28
4;4;5;6;8;9;9;9;9;1928;1064;2824;8;484;108;464
2;4;4;7;7;7;9;9;9;304;160;56;16;128;0;16
3;6;7;7;7;9;9;9;9;4416;3768;6600;208;1916;228;1416
3;5;5;6;6;7;8;9;9;412;52;164;4;24;4;20
3;3;5;7;7;8;8;9;9;512;224;208;24;88;0;112
5;5;6;6;7;8;8;9;9;2088;1224;1368;72;432;20;700
3;5;6;7;7;7;9;9;9;1996;1348;596;44;1100;20;184
7;7;8;8;8;9;9;9;9;20880;20880;76320;0;2880;7680;10320
4;7;7;8;8;8;9;9;9;10712;10280;15640;384;2456;2412;5028
7;8;8;9;9;9;9;9;9;15840;15840;178560;0;1440;10608;3792
2;4;5;6;6;9;9;9;9;294;114;318;18;60;0;36
3;3;8;8;8;8;9;9;9;2136;1848;2472;144;360;432;912
3;6;7;7;7;8;8;9;9;2494;2134;1322;132;878;24;1100
2;4;6;6;7;9;9;9;9;836;404;892;40;224;16;124
4;6;6;6;7;8;8;9;9;2058;1302;1290;72;480;24;726
5;6;7;7;8;9;9;9;9;9960;9096;22008;0;3564;1640;3892
2;4;5;8;9;9;9;9;9;1860;852;2604;84;450;54;264
2;5;7;8;8;9;9;9;9;2840;2192;5584;136;872;476;708
2;5;6;8;8;9;9;9;9;2344;1696;4136;128;736;316;516
7;8;8;8;8;8;9;9;9;26760;26760;51000;0;1440;7200;18120
6;6;6;6;9;9;9;9;9;8640;7776;18144;0;4032;288;3456
3;6;6;6;6;8;8;9;9;824;248;616;72;52;4;120
2;5;6;8;8;8;8;9;9;1468;1252;692;222;144;8;878
3;4;5;6;6;7;8;9;9;288;36;108;4;16;2;14
2;4;6;6;9;9;9;9;9;1536;672;1920;72;384;24;192
3;4;5;8;9;9;9;9;9;3612;1704;5208;6;828;150;720
3;6;7;8;9;9;9;9;9;6878;6266;21382;94;2652;1528;1992
4;6;7;8;8;8;9;9;9;8976;8328;12408;268;2284;1908;3868
5;5;5;6;7;8;8;9;9;1452;732;996;60;240;12;420
3;5;7;7;7;7;9;9;9;2372;1940;652;56;1612;24;248
4;4;6;6;6;7;9;9;9;1240;160;488;16;72;8;64
5;6;6;8;8;8;9;9;9;9408;8544;12192;96;2928;1696;3824
2;4;5;7;8;8;8;9;9;588;372;276;74;66;2;230
2;4;5;5;7;7;9;9;9;232;88;56;16;64;0;8
